series_name,Episode,series_ep,season,season_ep,url,UserRating,UserVotes,r1,r2,r3,r4,r5,r6,r7,r8,r9,r10
Black Mirror,The National Anthem,1,1,1,http://www.imdb.com/title/tt2089051/?ref_=ttep_ep1,7.8,46006,0.027387732034951963,0.009259661783245663,0.011455027605094988,0.016150067382515326,0.03397382950049994,0.08205451462852671,0.20699473981654568,0.3158501065078468,0.1822805720992914,0.11459374864148154
Black Mirror,Fifteen Million Merits,2,1,2,http://www.imdb.com/title/tt2089049/?ref_=ttep_ep2,8.1,46033,0.010992114352746942,0.005604674907131841,0.00742945278387244,0.011991397475723937,0.02648100275889036,0.06834227619316577,0.16544652749114766,0.2777789846414529,0.24165272739121935,0.18428084200464884
Black Mirror,The Entire History of You,3,1,3,http://www.imdb.com/title/tt2089050/?ref_=ttep_ep3,8.6,46690,0.004583422574427072,0.002034696937245663,0.0028057399871492827,0.004626258299421718,0.01246519597344185,0.034461340758192335,0.10490469051188692,0.23906618119511672,0.33653887342043265,0.2585136003426858
Black Mirror,Be Right Back,4,2,1,http://www.imdb.com/title/tt2290780/?ref_=ttep_ep1,8.1,39168,0.004595588235294118,0.001736111111111111,0.0033956290849673203,0.006076388888888889,0.018918504901960783,0.06071282679738562,0.19332107843137256,0.3382352941176471,0.23442606209150327,0.1385825163398693
Black Mirror,White Bear,5,2,2,http://www.imdb.com/title/tt2542420/?ref_=ttep_ep2,8.0,39138,0.010577954928713782,0.00472686391742041,0.007384127957483775,0.011855485717205785,0.027594665031427257,0.07095405999284583,0.17348868107721396,0.2762788083192805,0.23652205018140937,0.18061730287699934
Black Mirror,The Waldo Moment,6,2,3,http://www.imdb.com/title/tt2386296/?ref_=ttep_ep3,6.7,32873,0.02083776959815046,0.012533081860493414,0.019986006753262557,0.04280108295561707,0.11002950749855504,0.22474371064399354,0.30334925318650563,0.16454232957138076,0.05734189152191768,0.04383536641012381
Black Mirror,White Christmas,7,2,4,http://www.imdb.com/title/tt3973198/?ref_=ttep_ep4,9.1,48461,0.003920678483729185,9.079465962320216e-4,0.0015476362435773096,0.002723839788696065,0.005406409277563401,0.013722374693052144,0.046057654608860736,0.13941107282144405,0.3009017560512577,0.48540063143558737
Black Mirror,Nosedive,8,3,1,http://www.imdb.com/title/tt5497778/?ref_=ttep_ep1,8.3,47108,0.008873227477286236,0.004288019020123971,0.005710282754521525,0.008767088392629702,0.018659251082618664,0.05054343211344146,0.13348051286405707,0.2784028190540885,0.2819266366646854,0.20934873057654751
Black Mirror,Playtest,9,3,2,http://www.imdb.com/title/tt5709242/?ref_=ttep_ep2,8.1,39501,0.006151742993848257,0.003189792663476874,0.005417584364952786,0.007873218399534188,0.021872863978127138,0.0635933267512215,0.1724766461608567,0.29262550315181896,0.24369003316371737,0.18310928837244628
Black Mirror,Shut Up and Dance,10,3,3,http://www.imdb.com/title/tt5709230/?ref_=ttep_ep3,8.5,40675,0.008875230485556239,0.0035156730178242165,0.0042778119237861095,0.007105101413644745,0.01622618315918869,0.04324523663183774,0.11677934849416104,0.24196681007990167,0.30726490473263673,0.2507437000614628
Black Mirror,San Junipero,11,3,4,http://www.imdb.com/title/tt4538072/?ref_=ttep_ep4,8.6,49785,0.021030430852666464,0.0058652204479260825,0.007753339359244753,0.009601285527769409,0.020950085367078437,0.044772521843928895,0.09263834488299688,0.160530280204881,0.25786883599477756,0.37898965551873054
Black Mirror,Men Against Fire,12,3,5,http://www.imdb.com/title/tt5709234/?ref_=ttep_ep5,7.6,30645,0.00868004568445097,0.003361070321422744,0.0065263501386849405,0.014260075053026594,0.03746124979605156,0.10344264969815631,0.25142763909283733,0.2968510360580845,0.16547560776635667,0.11251427639092837
Black Mirror,Hated in the Nation,13,3,6,http://www.imdb.com/title/tt5709236/?ref_=ttep_ep6,8.5,34856,0.0074592609593757174,0.0026968097314666053,0.003930456736286436,0.006828092724351618,0.016324305714941475,0.042087445490016064,0.10922079412439752,0.22782304337847142,0.30855519853109936,0.27507459260959377
Black Mirror,USS Callister,14,4,1,http://www.imdb.com/title/tt5710974/?ref_=ttep_ep1,8.3,44871,0.012725368277952353,0.005125805085690089,0.006953266029283947,0.01083104900715384,0.02077065365157897,0.0506340398029908,0.13001716030398253,0.2609926232978984,0.2933074814468142,0.20864255309665486
Black Mirror,Arkangel,15,4,2,http://www.imdb.com/title/tt5709250/?ref_=ttep_ep2,7.3,35229,0.012149081722444577,0.007351897584376508,0.01036078231002867,0.020182236225836668,0.048426012660024415,0.13477532714524965,0.2996962729569389,0.28337449260552383,0.11899287518805529,0.06469102160152147
Black Mirror,Crocodile,16,4,3,http://www.imdb.com/title/tt5710976/?ref_=ttep_ep3,7.3,32969,0.02147471867511905,0.011707968091237224,0.015984712912129575,0.026479420061269677,0.055810003336467594,0.13172980678819496,0.27067851618186783,0.26606812460189877,0.12344930085838211,0.07661742849343323
Black Mirror,Hang the DJ,17,4,4,http://www.imdb.com/title/tt5710978/?ref_=ttep_ep4,8.8,44305,0.006274686829928902,0.0022119399616296128,0.0028890644396794944,0.004559304818869202,0.01171425347026295,0.028236090734680058,0.0822706240830606,0.19702065229658053,0.3109581311364406,0.35386525222886805
Black Mirror,Metalhead,18,4,5,http://www.imdb.com/title/tt5710984/?ref_=ttep_ep5,6.7,31062,0.049964586955122015,0.024982293477561007,0.033706779988410276,0.0493207134118859,0.10443628871289679,0.17609941407507565,0.23288906058850042,0.17300882106754234,0.08483033932135728,0.07076170240164832
Black Mirror,Black Museum,19,4,6,http://www.imdb.com/title/tt5058700/?ref_=ttep_ep6,8.7,35493,0.00907221142197053,0.003352773786380413,0.0038317414701490434,0.005747612205223566,0.01369284084185614,0.032457104217733075,0.08672132533175556,0.2019834897021948,0.3259797706590032,0.31716113036373367
Black Mirror,Striking Vipers,20,5,1,http://www.imdb.com/title/tt8503298/?ref_=ttep_ep1,6.8,32142,0.05774376205587704,0.021000560014933733,0.028934104909464253,0.03873436624976666,0.0794287847675938,0.14980399477319395,0.23178395868334267,0.20680107025076225,0.09968265820421877,0.08608674009084687
Black Mirror,Smithereens,21,5,2,http://www.imdb.com/title/tt8758202/?ref_=ttep_ep2,7.5,29176,0.02704277488346586,0.013161502604880724,0.017891417603509735,0.024917740608719496,0.05350287907869482,0.10563476830271457,0.19879352892788593,0.2482177131889224,0.1708253358925144,0.14001233890869208
Black Mirror,"Rachel, Jack and Ashley Too",22,5,3,http://www.imdb.com/title/tt9053874/?ref_=ttep_ep3,6.0,29164,0.10118639418461116,0.0463928130571938,0.05870250994376629,0.0752983129886161,0.11980523933616788,0.15615141955835962,0.17123851323549583,0.12494856672610068,0.062302839116719244,0.08397339185296941
Game of Thrones,Winter Is Coming,1,1,1,http://www.imdb.com/title/tt1480055/?ref_=ttep_ep1,9.1,39019,0.024347112944975526,0.0016658550962351676,0.002409082754555473,0.002614111074092109,0.007560419282913453,0.013660011789128373,0.042671519003562364,0.11825008329275481,0.25533714344293806,0.5314846613188446
Game of Thrones,The Kingsroad,2,1,2,http://www.imdb.com/title/tt1668746/?ref_=ttep_ep2,8.8,29600,0.026114864864864865,0.0017567567567567568,0.0019256756756756757,0.00222972972972973,0.007060810810810811,0.015777027027027025,0.060506756756756756,0.19993243243243244,0.2477027027027027,0.43699324324324323
Game of Thrones,Lord Snow,3,1,3,http://www.imdb.com/title/tt1829962/?ref_=ttep_ep3,8.7,27995,0.03379174852652259,0.0013573852473656011,0.0020717985354527595,0.0029290944811573493,0.007751384175745669,0.019003393463118416,0.07169137345954635,0.21378817646008216,0.21853902482586177,0.42907662082514736
Game of Thrones,"Cripples, Bastards, and Broken Things",4,1,4,http://www.imdb.com/title/tt1829963/?ref_=ttep_ep4,8.8,26567,0.026160274024165316,0.0013174238717205556,0.0014679865999171905,0.003538224112620921,0.007603417773930064,0.017239432378514698,0.06045093537094892,0.19693604848119847,0.24120149057100915,0.4440847668159747
Game of Thrones,The Wolf and the Lion,5,1,5,http://www.imdb.com/title/tt1829964/?ref_=ttep_ep5,9.1,27636,0.028260240266319292,0.0018454190186712983,0.0017006802721088435,0.0022796352583586625,0.005319148936170213,0.010963960052105948,0.03466492980170792,0.11828774062816616,0.26248371689101174,0.53419452887538
Game of Thrones,A Golden Crown,6,1,6,http://www.imdb.com/title/tt1837862/?ref_=ttep_ep6,9.2,27356,0.027635619242579325,0.001133206609153385,0.0018643076473168591,0.0017911975435005118,0.00424038602134815,0.008626992250328995,0.02778183945021202,0.10370668226348881,0.26242871764877906,0.5607910513232929
Game of Thrones,You Win or You Die,7,1,7,http://www.imdb.com/title/tt1837863/?ref_=ttep_ep7,9.2,27843,0.027942391265309053,0.0011852171102251913,0.002011277520382143,0.0017239521603275509,0.0037711453507165175,0.0075063750314262115,0.02765506590525446,0.09664906798836333,0.24709980964694897,0.5844556980210466
Game of Thrones,The Pointy End,8,1,8,http://www.imdb.com/title/tt1837864/?ref_=ttep_ep8,9.0,25922,0.02638685286629118,0.0011573181081706658,0.00146593627034951,0.002121749864979554,0.00474500424349973,0.009798626649178304,0.03657125221819304,0.14188720006172365,0.26190108787902167,0.5139649718385927
Game of Thrones,Baelor,9,1,9,http://www.imdb.com/title/tt1851398/?ref_=ttep_ep9,9.6,36564,0.024395580352259052,9.29876381139919e-4,0.0018050541516245488,0.0012033694344163659,0.0030084235860409147,0.0041297451044743465,0.012990920030631223,0.04307515589104037,0.15121430915654743,0.7572475659118258
Game of Thrones,Fire and Blood,10,1,10,http://www.imdb.com/title/tt1851397/?ref_=ttep_ep10,9.5,32087,0.027176114937513634,0.00112194969925515,0.001838750896001496,0.0014959329323402,0.003334683828341696,0.005142269454919438,0.01763954249384486,0.06161373765076199,0.18705394708137252,0.693583071025649
Game of Thrones,The North Remembers,11,2,1,http://www.imdb.com/title/tt1971833/?ref_=ttep_ep1,8.8,25094,0.02673945963178449,0.0011955049015700964,0.002072208496054834,0.002669960946839882,0.0062564756515501715,0.015661114210568264,0.05539172710608113,0.18506415876305093,0.24786801625886667,0.4570813740336335
Game of Thrones,The Night Lands,12,2,2,http://www.imdb.com/title/tt2069318/?ref_=ttep_ep2,8.5,23712,0.02838225371120108,0.001560391363022942,0.0026568825910931173,0.0035846828609986505,0.009151484480431848,0.02349021592442645,0.08350202429149797,0.24270411605937922,0.18454790823211875,0.42042004048583
Game of Thrones,What Is Dead May Never Die,13,2,3,http://www.imdb.com/title/tt2070135/?ref_=ttep_ep3,8.8,23434,0.027865494580524026,0.0013655372535631989,0.002218998037040198,0.0030297857813433473,0.006785013228642144,0.014124775966544337,0.05496287445591875,0.18084834001877614,0.24733293505163437,0.46146624562601346
Game of Thrones,Garden of Bones,14,2,4,http://www.imdb.com/title/tt2069319/?ref_=ttep_ep4,8.8,22663,0.027886864051537747,0.001411993116533557,0.0017208666107752725,0.0030887349424171557,0.006486343379076027,0.014870052508494021,0.05864183912103429,0.18726558708026297,0.24687817146891408,0.4517495477209549
Game of Thrones,The Ghost of Harrenhal,15,2,5,http://www.imdb.com/title/tt2074658/?ref_=ttep_ep5,8.8,22848,0.02691701680672269,0.0010066526610644257,0.0018820028011204482,0.002582282913165266,0.006171218487394958,0.015362394957983192,0.055891106442577033,0.18334208683473388,0.24571078431372548,0.46113445378151263
Game of Thrones,The Old Gods and the New,16,2,6,http://www.imdb.com/title/tt2085238/?ref_=ttep_ep6,9.1,23868,0.02815485168426345,0.0014245014245014246,0.0013407072230601643,0.0022205463381933972,0.005362828892240657,0.010139098374392492,0.036534271828389475,0.1272414948885537,0.2634908664320429,0.5240908329143623
Game of Thrones,A Man Without Honor,17,2,7,http://www.imdb.com/title/tt2085239/?ref_=ttep_ep7,8.9,23250,0.02795698924731183,0.0014193548387096775,0.001935483870967742,0.002623655913978495,0.006365591397849462,0.014236559139784947,0.04670967741935484,0.15741935483870967,0.25470967741935485,0.4866236559139785
Game of Thrones,The Prince of Winterfell,18,2,8,http://www.imdb.com/title/tt2085240/?ref_=ttep_ep8,8.8,22970,0.02738354375272094,0.0014801915542011319,0.0018284719198955158,0.002786242925555072,0.007575097953852851,0.015367871136264694,0.05633434915106661,0.18615585546364824,0.23430561602089683,0.4667827601218981
Game of Thrones,Blackwater,19,2,9,http://www.imdb.com/title/tt2084342/?ref_=ttep_ep9,9.7,39983,0.020858865017632493,0.0010004251807017982,0.0015756696596053322,0.001225520846359703,0.002325988545131681,0.0033014030963159345,0.010654528174474152,0.037215816722106894,0.13710827101518144,0.7847335117424905
Game of Thrones,Valar Morghulis,20,2,10,http://www.imdb.com/title/tt2112510/?ref_=ttep_ep10,9.4,28354,0.027015588629470268,0.001058051774000141,0.0015518092685335402,0.002010298370600268,0.0033857656768004514,0.006983141708400931,0.021302109049869507,0.06993722226140932,0.2015235945545602,0.6652324187063554
Game of Thrones,Valar Dohaeris,21,3,1,http://www.imdb.com/title/tt2178782/?ref_=ttep_ep1,8.8,25042,0.02559699704496446,0.0019167798099193356,0.0019167798099193356,0.0030349013657056147,0.006469131858477757,0.015214439741234726,0.056664803130740356,0.1868061656417219,0.2445491574155419,0.4578308441817746
Game of Thrones,"Dark Wings, Dark Words",22,3,2,http://www.imdb.com/title/tt2178772/?ref_=ttep_ep2,8.6,22699,0.03304110313229658,0.001938411383761399,0.002423014229701749,0.003260055509053262,0.008634741618573506,0.01854707255826248,0.0762148112251641,0.2295255297590202,0.20714568923741133,0.41926957134675535
Game of Thrones,Walk of Punishment,23,3,3,http://www.imdb.com/title/tt2178802/?ref_=ttep_ep3,8.9,22918,0.02727114058818396,0.0018326206475259622,0.0016580853477615848,0.0025743956715245657,0.0056723972423422635,0.01287197835762283,0.048913517758966754,0.17296448206649795,0.27183872938301773,0.4544026529365564
Game of Thrones,And Now His Watch Is Ended,24,3,4,http://www.imdb.com/title/tt2178798/?ref_=ttep_ep4,9.6,31205,0.02534850184265342,0.001025476686428457,0.0014741227367409068,0.0013138920044864606,0.0025957378625220315,0.0046146450889280564,0.016407626982855313,0.05463867969876622,0.17385034449607434,0.7187309726005447
Game of Thrones,Kissed by Fire,25,3,5,http://www.imdb.com/title/tt2178788/?ref_=ttep_ep5,9.0,23355,0.02684649967886962,0.0020552344251766217,0.0017555127381716977,0.0024834082637550845,0.005523442517662171,0.012160137015628346,0.03956326268464997,0.13466067223292658,0.2611432241490045,0.5138086062941555
Game of Thrones,The Climb,26,3,6,http://www.imdb.com/title/tt2178812/?ref_=ttep_ep6,8.8,23222,0.02743088450607183,0.0019808801998105244,0.0019808801998105244,0.003014382912755146,0.006976143312376195,0.016062354663680993,0.05348376539488416,0.1761691499440186,0.2442080785462062,0.4686934803203858
Game of Thrones,The Bear and the Maiden Fair,27,3,7,http://www.imdb.com/title/tt2178814/?ref_=ttep_ep7,8.7,22462,0.028448045588104355,0.002582138723176921,0.002225981657911139,0.002938295788442703,0.007479298370581426,0.015448312705903303,0.06441990917994836,0.20100614370937583,0.23751224289911851,0.43793963137743747
Game of Thrones,Second Sons,28,3,8,http://www.imdb.com/title/tt2178806/?ref_=ttep_ep8,9.0,23033,0.027221812182520733,0.0017366387357270004,0.0013893109885816004,0.0026483740719836757,0.0052967481439673515,0.009638344983284853,0.038509963964746236,0.14183996874050275,0.27595189510702034,0.4957669430816654
Game of Thrones,The Rains of Castamere,29,3,9,http://www.imdb.com/title/tt2178784/?ref_=ttep_ep9,9.9,87436,0.021833112219223204,0.0012351891669335285,9.263918752001464e-4,7.548378242371563e-4,0.0016926666361681687,0.0019099684340546227,0.004643396312731598,0.01310672949357244,0.06020403495127865,0.8936936730866005
Game of Thrones,Mhysa,30,3,10,http://www.imdb.com/title/tt2178796/?ref_=ttep_ep10,9.2,26061,0.027474003299950117,0.0018802041364491002,0.0021871762403591574,0.0026860059092130005,0.005717355435324815,0.009669621273166801,0.03269252906642109,0.11231341851809216,0.26123326042745865,0.5441464256935651
Game of Thrones,Two Swords,31,4,1,http://www.imdb.com/title/tt2816136/?ref_=ttep_ep1,9.1,29533,0.025801645616767684,0.0013882775200623032,0.0017268817932482308,0.0023363694849829007,0.0051129245251075066,0.009142315376020045,0.03494396099278773,0.12138963193715505,0.2727457420512647,0.5254122507026039
Game of Thrones,The Lion and the Rose,32,4,2,http://www.imdb.com/title/tt2832378/?ref_=ttep_ep2,9.7,46172,0.01992549597158451,8.230096162176211e-4,0.0011045655375552283,0.0010395910941696266,0.002425712553062462,0.00311877328250888,0.009811140951225851,0.03411158277744087,0.13211470155072338,0.7955254266655115
Game of Thrones,Breaker of Chains,33,4,3,http://www.imdb.com/title/tt2972426/?ref_=ttep_ep3,8.9,24938,0.026946828133771753,0.0015237789718501884,0.0018846739914989174,0.0030074584970727404,0.007097602053091667,0.012791723474216057,0.049202021012110034,0.17170583045953966,0.2693880824444623,0.4564520009623867
Game of Thrones,Oathkeeper,34,4,4,http://www.imdb.com/title/tt2972428/?ref_=ttep_ep4,8.8,23964,0.02741612418627942,0.001627441161742614,0.0019195459856451345,0.002587214154565181,0.007803371724253046,0.01614922383575363,0.053204807210816225,0.17918544483391755,0.25959772992822566,0.45050909697880154
Game of Thrones,First of His Name,35,4,5,http://www.imdb.com/title/tt3060856/?ref_=ttep_ep5,8.7,23198,0.027502370894042588,0.001379429261143202,0.0018967152340719027,0.003448573152858005,0.007845503922751962,0.016078972325200447,0.06013449435296146,0.20372445900508665,0.24325372876972154,0.4347357530821623
Game of Thrones,The Laws of Gods and Men,36,4,6,http://www.imdb.com/title/tt3060910/?ref_=ttep_ep6,9.7,42637,0.02066280460632784,7.739756549475807e-4,0.001055421347655792,0.0010085137322044233,0.0020639350798602155,0.0030489950043389546,0.009475338321176443,0.03346858362455145,0.1268381921805005,0.8016042404484368
Game of Thrones,Mockingbird,37,4,7,http://www.imdb.com/title/tt3060876/?ref_=ttep_ep7,9.1,25819,0.025562570200240133,0.0014717843448623107,0.001587977845772493,0.002207676517293466,0.004686471203377358,0.008094813896742709,0.030597621906348037,0.11805259692474535,0.26193888221852124,0.5457996049420969
Game of Thrones,The Mountain and the Viper,38,4,8,http://www.imdb.com/title/tt3060782/?ref_=ttep_ep8,9.7,46273,0.021999870334752446,0.0014911503468545372,0.0014695394722624424,0.001080543729604737,0.002852635446156506,0.0037386813044323905,0.010157111058284528,0.033626520865299415,0.13167505888963327,0.7919088885527197
Game of Thrones,The Watchers on the Wall,39,4,9,http://www.imdb.com/title/tt3060858/?ref_=ttep_ep9,9.6,38998,0.021770347197292168,0.0013846863941740601,0.001615467459869737,0.002359095338222473,0.004359197907585004,0.0058464536642904765,0.017000871839581516,0.04631006718293246,0.14990512333965844,0.7494486896763937
Game of Thrones,The Children,40,4,10,http://www.imdb.com/title/tt3060860/?ref_=ttep_ep10,9.7,38312,0.022551680935477134,0.0012267696805178534,0.0014355815410315306,0.0014616830235957402,0.0029755690123199,0.004515556483608269,0.013207350177490081,0.04069221131760284,0.1390425976195448,0.7728910002088119
Game of Thrones,The Wars to Come,41,5,1,http://www.imdb.com/title/tt3658012/?ref_=ttep_ep1,8.5,26289,0.03199056639659173,0.003347407660998897,0.004336414469930389,0.0049069953212370196,0.012704933622427632,0.026589067670888963,0.08551105024915363,0.24196431967743162,0.20750123625851116,0.38114800867282894
Game of Thrones,The House of Black and White,42,5,2,http://www.imdb.com/title/tt3846626/?ref_=ttep_ep2,8.5,23226,0.0321191767846379,0.0030138637733574444,0.0039180229053646775,0.004822182037371911,0.01248600706105227,0.02660811159907001,0.08288125376732972,0.23753552053732885,0.20666494445879618,0.389950917075691
Game of Thrones,High Sparrow,43,5,3,http://www.imdb.com/title/tt3866836/?ref_=ttep_ep3,8.5,22499,0.03333481488066136,0.0026223387706120274,0.004533534823769945,0.00466687408329259,0.011422729899106627,0.024801102271212055,0.08284812658340371,0.23307702564558425,0.21156495844259746,0.39112849459976
Game of Thrones,Sons of the Harpy,44,5,4,http://www.imdb.com/title/tt3866838/?ref_=ttep_ep4,8.7,23098,0.032773400294397785,0.003160446791930037,0.0042860853753571735,0.005714780500476232,0.011905792709325482,0.024374404710364533,0.06541691921378474,0.18248333189020693,0.25396138193783013,0.41592345657632696
Game of Thrones,Kill the Boy,45,5,5,http://www.imdb.com/title/tt3866840/?ref_=ttep_ep5,8.6,23382,0.03181934821657685,0.0026088444102300916,0.003378667350953725,0.0047044735266444275,0.01150457616970319,0.0247198699854589,0.06932683260627834,0.202377897528013,0.23449662133264904,0.4150628688734924
Game of Thrones,"Unbowed, Unbent, Unbroken",46,5,6,http://www.imdb.com/title/tt3866842/?ref_=ttep_ep6,8.0,26473,0.06485853511124542,0.009254712348430477,0.010425716768027803,0.0161674158576663,0.03131492464019945,0.052128583840139006,0.12631737997204698,0.21588033090318437,0.1317191100366411,0.34193329052241905
Game of Thrones,The Gift,47,5,7,http://www.imdb.com/title/tt3866846/?ref_=ttep_ep7,9.0,25534,0.02902013002271481,0.0019973368841544607,0.0025456254405890185,0.003838019895041905,0.008615963029685909,0.013472233100963422,0.042374872718727974,0.14047936085219706,0.2724994125479753,0.4851570455079502
Game of Thrones,Hardhome,48,5,8,http://www.imdb.com/title/tt3866850/?ref_=ttep_ep8,9.9,87562,0.01615997807267993,0.0010963660035175076,7.765925858249012e-4,7.880130650282086e-4,0.0017930152349192572,0.0021356296110184784,0.006463991229071972,0.018912313560677005,0.07124094927023138,0.8806331513670314
Game of Thrones,The Dance of Dragons,49,5,9,http://www.imdb.com/title/tt3866826/?ref_=ttep_ep9,9.5,38374,0.029447021420753634,0.002475634544222651,0.0032313545629853546,0.003439829050919894,0.006202116016052536,0.008234742273414291,0.0208474487934539,0.06001459321415542,0.19429822275499037,0.671809037369052
Game of Thrones,Mother's Mercy,50,5,10,http://www.imdb.com/title/tt3866862/?ref_=ttep_ep10,9.1,37206,0.06950491856152234,0.006235553405364726,0.005267967532118475,0.007418158361554588,0.013492447454711606,0.016556469386658067,0.03327420308552384,0.07899263559640918,0.2191850776756437,0.5500725689404935
Game of Thrones,The Red Woman,51,6,1,http://www.imdb.com/title/tt3658014/?ref_=ttep_ep1,8.5,36104,0.029415023266120097,0.0036007090627077332,0.004902503877686683,0.007146022601373809,0.014707511633060048,0.03085530689120319,0.08558608464436074,0.23709284289829383,0.23753600709062708,0.3491579880345668
Game of Thrones,Home,52,6,2,http://www.imdb.com/title/tt4077554/?ref_=ttep_ep2,9.4,42460,0.02103155911446067,0.00209609043805935,0.0024022609514837492,0.0026142251530852567,0.0052991050400376825,0.00909090909090909,0.023881300047103156,0.07244465379180405,0.19215732454074422,0.6689825718323128
Game of Thrones,Oathbreaker,53,6,3,http://www.imdb.com/title/tt4131606/?ref_=ttep_ep3,8.7,30307,0.025142706305473984,0.0025076714950341503,0.0028046325931303,0.003992476985514897,0.009601742171775498,0.019830402217309532,0.06378064473553964,0.1911439601412215,0.28085920744382487,0.4003365559111756
Game of Thrones,Book of the Stranger,54,6,4,http://www.imdb.com/title/tt4283016/?ref_=ttep_ep4,9.1,32611,0.02355033577627181,0.0024838244764036673,0.0019011989819386096,0.003495752966790347,0.007175492931832817,0.011683174389009843,0.0358468001594554,0.11302934592622121,0.26110821501947196,0.5397258593726043
Game of Thrones,The Door,55,6,5,http://www.imdb.com/title/tt4283028/?ref_=ttep_ep5,9.7,63904,0.013301201802704056,0.0014553079619429143,0.0012049323985978968,0.0013457686529794691,0.0029888582874311466,0.004193790686029044,0.010500125187781673,0.032799198798197295,0.12532861792689035,0.8068821982974461
Game of Thrones,Blood of My Blood,56,6,6,http://www.imdb.com/title/tt4283054/?ref_=ttep_ep6,8.4,30115,0.03197741989042006,0.003752282915490619,0.005844263655985389,0.006973269134982567,0.017134318445957163,0.03476672754441308,0.09819027062925452,0.24824838120537937,0.2082350987879794,0.3448779677901378
Game of Thrones,The Broken Man,57,6,7,http://www.imdb.com/title/tt4283060/?ref_=ttep_ep7,8.6,29257,0.03154800560549612,0.0035547048569573095,0.004306661653621356,0.005400416994223604,0.013125064087226988,0.026250128174453977,0.07950234132002598,0.22285265064770823,0.25727176402228524,0.3561882626380012
Game of Thrones,No One,58,6,8,http://www.imdb.com/title/tt4283074/?ref_=ttep_ep8,8.4,33290,0.041033343346350254,0.007119255031541003,0.00907179333133073,0.012526284169420246,0.022018624211474918,0.039321117452688494,0.09155902673475518,0.21892460198257735,0.21438870531691198,0.34403724842294986
Game of Thrones,Battle of the Bastards,59,6,9,http://www.imdb.com/title/tt4283088/?ref_=ttep_ep9,9.9,185829,0.017150175699164286,0.0011408337772898741,8.018124189442983e-4,9.740137438182415e-4,0.001888833282211065,0.0026691205355461206,0.005305953322678377,0.012990437445178095,0.04314181317232509,0.9139370066028446
Game of Thrones,The Winds of Winter,60,6,10,http://www.imdb.com/title/tt4283094/?ref_=ttep_ep10,9.9,129335,0.016321954613986934,9.432868133142614e-4,8.118452081803069e-4,7.577221943016198e-4,0.0013762709243437584,0.0018865736266285228,0.004469014574554451,0.012231801136583292,0.047775157536629684,0.9134263733714771
Game of Thrones,Dragonstone,61,7,1,http://www.imdb.com/title/tt5654088/?ref_=ttep_ep1,8.6,46564,0.03309423589038742,0.004316639463963577,0.004595825100936346,0.006099132376943562,0.013680096211665665,0.02516965896400653,0.07477879907224465,0.20371961171720643,0.2787990722446525,0.3557469289579933
Game of Thrones,Stormborn,62,7,2,http://www.imdb.com/title/tt5655178/?ref_=ttep_ep2,8.9,40178,0.032555129672955346,0.004231171287769426,0.004206282044900194,0.004952959330977152,0.010428592762208174,0.019513166409477825,0.04995271043854846,0.14555229229926825,0.3119119916372144,0.4166957041166808
Game of Thrones,The Queen's Justice,63,7,3,http://www.imdb.com/title/tt5775840/?ref_=ttep_ep3,9.2,41878,0.03035006447299298,0.003390801853001576,0.0036534696021777546,0.00444147284970629,0.008190457997039017,0.012870719709632742,0.03142461435598644,0.09787955489755958,0.2689717751564067,0.5388270691054969
Game of Thrones,The Spoils of War,64,7,4,http://www.imdb.com/title/tt5775846/?ref_=ttep_ep4,9.8,79404,0.027630849831242758,0.0016246032945443553,0.0014231021107249005,0.0018135106543750944,0.00343811394891945,0.004130774268298826,0.009936527127096872,0.02795828925494937,0.09811848269608583,0.8239257468137625
Game of Thrones,Eastwatch,65,7,5,http://www.imdb.com/title/tt5775854/?ref_=ttep_ep5,8.8,39952,0.035717861433720466,0.004655586704044853,0.006557869443331999,0.00670804965959151,0.013516219463356027,0.02315278334000801,0.05541649979975971,0.1506557869443332,0.27663195835002,0.4269873848618342
Game of Thrones,Beyond the Wall,66,7,6,http://www.imdb.com/title/tt5775864/?ref_=ttep_ep6,9.0,58308,0.05344035123825204,0.010838992934074226,0.012090965219180901,0.013257185977910407,0.01876243397132469,0.026205666460863003,0.036924607258009196,0.05939150716882761,0.15021952390752555,0.6188687658640324
Game of Thrones,The Dragon and the Wolf,67,7,7,http://www.imdb.com/title/tt5775874/?ref_=ttep_ep7,9.4,57839,0.03596189422362074,0.005031207316862325,0.0051176541779767975,0.005895675928007054,0.010045125261501755,0.013641314683863828,0.025726585867667146,0.053199398329846645,0.14353636819447085,0.7018447760161829
Game of Thrones,Winterfell,68,8,1,http://www.imdb.com/title/tt5924366/?ref_=ttep_ep1,7.5,122457,0.11554259862645663,0.018071649640281896,0.018210473880627485,0.02174640894354753,0.040602007235192764,0.06388364895432683,0.12823276742040063,0.19512971900340528,0.15617727038878954,0.24240345590697143
Game of Thrones,A Knight of the Seven Kingdoms,69,8,2,http://www.imdb.com/title/tt6027908/?ref_=ttep_ep2,7.8,120620,0.11231139114574698,0.018744818438069973,0.017874316033825235,0.020212236776653954,0.035781794064002656,0.04913778809484331,0.09606201293317858,0.16816448350190683,0.19354170121041286,0.28816945780135966
Game of Thrones,The Long Night,70,8,3,http://www.imdb.com/title/tt6027912/?ref_=ttep_ep3,7.5,201138,0.1447115910469429,0.0295816802394376,0.03246527259891219,0.0323360081138323,0.047047300858117314,0.0522924559257823,0.06925096202607166,0.08315186588312502,0.10177092344559456,0.4073919398621842
Game of Thrones,The Last of the Starks,71,8,4,http://www.imdb.com/title/tt6027914/?ref_=ttep_ep4,5.5,153522,0.2520420526048384,0.05472831255455244,0.05848673154336186,0.0623168015007621,0.08785711494118106,0.08553171532418806,0.08690611117624836,0.08620914266359218,0.06343064837612851,0.16249136931514702
Game of Thrones,The Bells,72,8,5,http://www.imdb.com/title/tt6027916/?ref_=ttep_ep5,6.0,178780,0.23476339635305962,0.05419510012305627,0.051661259648730286,0.05075511802215013,0.06881082895178432,0.06507998657567961,0.06751314464705224,0.07894619084908827,0.08925495021814521,0.23902002461125404
Game of Thrones,The Iron Throne,73,8,6,http://www.imdb.com/title/tt6027920/?ref_=ttep_ep6,4.1,222243,0.44450893841425826,0.07759974442389636,0.06989196510126303,0.05427392538797622,0.05157417781437436,0.04042422033539864,0.04163460716423015,0.04663363975468294,0.039101344024333726,0.13435743757958632
Rick & Morty,Pilot,1,1,1,http://www.imdb.com/title/tt2169080/?ref_=ttep_ep1,8.0,10280,0.042412451361867706,0.002626459143968872,0.005058365758754864,0.00933852140077821,0.021400778210116732,0.057003891050583656,0.16361867704280156,0.31313229571984436,0.177431906614786,0.20797665369649806
Rick & Morty,Lawnmower Dog,2,1,2,http://www.imdb.com/title/tt3333824/?ref_=ttep_ep2,8.8,10297,0.06438768573370884,0.001456734971350879,0.0020394289598912306,0.0024278916189181313,0.00738079052151112,0.023210643876857336,0.07545887151597552,0.20180635136447508,0.30698261629600854,0.3148489851413033
Rick & Morty,Anatomy Park,3,1,3,http://www.imdb.com/title/tt3333828/?ref_=ttep_ep3,8.4,9383,0.05275498241500586,0.0012789086646062028,0.0024512416071618883,0.0036235745497175745,0.011083875093253757,0.036875199829478844,0.12213577746989236,0.293189811360972,0.24587019077054248,0.23073643823936907
Rick & Morty,M. Night Shaym-Aliens!,4,1,4,http://www.imdb.com/title/tt3333830/?ref_=ttep_ep4,8.7,9458,0.0657644322266864,5.286529921759357e-4,0.0017974201733981815,0.0028547261577500527,0.007929794882639035,0.02188623387608374,0.0748572636921125,0.2055402833580038,0.31074222880101504,0.30809896384013535
Rick & Morty,Meeseeks and Destroy,5,1,5,http://www.imdb.com/title/tt3333832/?ref_=ttep_ep5,9.0,10645,0.06444340065758572,9.394081728511038e-4,0.0014091122592766556,0.0020666979802724285,0.006763738844527948,0.0199154532644434,0.049976514795678724,0.13161108501643964,0.2912165335838422,0.4316580554250822
Rick & Morty,Rick Potion #9,6,1,6,http://www.imdb.com/title/tt3333834/?ref_=ttep_ep6,9.1,10430,0.06462128475551294,5.752636625119846e-4,0.0013422818791946308,0.0036433365292425695,0.00738255033557047,0.015148609779482262,0.04956855225311601,0.12981783317353787,0.26548418024928094,0.46241610738255035
Rick & Morty,Raising Gazorpazorp,7,1,7,http://www.imdb.com/title/tt3333836/?ref_=ttep_ep7,8.0,8684,0.05320128972823584,0.0031091662828189775,0.00426070935052971,0.007254721326577614,0.016582220175034548,0.057231690465223396,0.1794104099493321,0.32243205895900506,0.1685859051128512,0.1879318286503915
Rick & Morty,Rixty Minutes,8,1,8,http://www.imdb.com/title/tt3333838/?ref_=ttep_ep8,8.8,9784,0.07113654946852004,0.0031684382665576453,0.002555192150449714,0.007154538021259199,0.011242845461978741,0.03219542109566639,0.0767579721995094,0.16782502044153721,0.24161896974652494,0.3863450531479967
Rick & Morty,Something Ricked This Way Comes,9,1,9,http://www.imdb.com/title/tt3333840/?ref_=ttep_ep9,8.5,8623,0.0600719007306042,0.0012756581236228691,0.0025513162472457383,0.003942943291197959,0.009741389307665545,0.02493331787081062,0.10680737562333295,0.2685840194827786,0.2692798330047547,0.25281224631798677
Rick & Morty,Close Rick-Counters of the Rick Kind,10,1,10,http://www.imdb.com/title/tt3333846/?ref_=ttep_ep10,9.4,10935,0.06355738454503887,4.572473708276177e-4,8.230452674897119e-4,0.0015546410608139004,0.0042981252857796064,0.009693644261545497,0.0283493369913123,0.083493369913123,0.22706904435299496,0.5807041609510746
Rick & Morty,Ricksy Business,11,1,11,http://www.imdb.com/title/tt3333854/?ref_=ttep_ep11,8.5,8332,0.06325012001920308,0.0013202112337974076,0.0020403264522323573,0.0028804608737397984,0.011521843494959194,0.027484397503600575,0.10057609217474796,0.26728276524243877,0.264402304368699,0.25924147863658187
Rick & Morty,A Rickle in Time,12,2,1,http://www.imdb.com/title/tt4462494/?ref_=ttep_ep1,8.9,9434,0.07292770828916684,0.001377994488022048,9.539961840152639e-4,0.0038159847360610556,0.007313970744117024,0.018973924104303583,0.06391774432902268,0.1695993216027136,0.2833368666525334,0.3777824888700445
Rick & Morty,Mortynight Run,13,2,2,http://www.imdb.com/title/tt4832254/?ref_=ttep_ep2,8.9,9008,0.07670959147424511,3.330373001776199e-4,0.0014431616341030195,0.003108348134991119,0.0053285968028419185,0.017761989342806393,0.0636101243339254,0.17240230905861456,0.2873001776198934,0.3720026642984014
Rick & Morty,Auto Erotic Assimilation,14,2,3,http://www.imdb.com/title/tt4832260/?ref_=ttep_ep3,8.6,8784,0.07183515482695811,0.0012522768670309653,0.0023907103825136613,0.003870673952641166,0.008765938069216758,0.02743624772313297,0.09107468123861566,0.2290528233151184,0.25170765027322406,0.3126138433515483
Rick & Morty,Total Rickall,15,2,4,http://www.imdb.com/title/tt4832262/?ref_=ttep_ep4,9.6,12937,0.05789595733168432,0.001159465100100487,3.864883667001623e-4,0.0015459534668006492,0.004328669707041818,0.0057973255005024345,0.019556311355028215,0.058437041045064544,0.1624024116874082,0.6884903764396691
Rick & Morty,Get Schwifty,16,2,5,http://www.imdb.com/title/tt4832266/?ref_=ttep_ep5,8.3,8682,0.05574752361207095,0.0031098825155494126,0.004031329186823312,0.0073715733701912,0.015779774245565537,0.045266067726330336,0.13430085233817093,0.2669891730016125,0.21262381939645242,0.2547800046072334
Rick & Morty,The Ricks Must Be Crazy,17,2,6,http://www.imdb.com/title/tt4832268/?ref_=ttep_ep6,9.3,10326,0.0683711020724385,3.873716831299632e-4,6.779004454774356e-4,0.0016463296533023436,0.003486345148169669,0.007456904900251792,0.028665504551617278,0.09316288979275615,0.24007360061979469,0.5560720511330621
Rick & Morty,Big Trouble in Little Sanchez,18,2,7,http://www.imdb.com/title/tt4832272/?ref_=ttep_ep7,8.5,7997,0.0694010253845192,0.0012504689258471928,0.0021257971739402277,0.0038764536701262975,0.009628610729023384,0.02588470676503689,0.11004126547455295,0.2658496936351132,0.26334875578341876,0.24859322245842191
Rick & Morty,Interdimensional Cable 2: Tempting Fate,19,2,8,http://www.imdb.com/title/tt4832274/?ref_=ttep_ep8,7.7,8382,0.06191839656406586,0.0071581961345740875,0.010021474588403722,0.01586733476497256,0.03960868527797662,0.08637556669052732,0.19673109043187784,0.26795514197089,0.11882605583392986,0.19553805774278216
Rick & Morty,Look Who's Purging Now,20,2,9,http://www.imdb.com/title/tt4832276/?ref_=ttep_ep9,8.6,8324,0.07087938491110043,0.0018020182604517058,0.0019221528111484864,0.004324843825084094,0.010571840461316675,0.028832292167227293,0.09106198942815955,0.2322200864968765,0.2723450264296012,0.28604036520903414
Rick & Morty,The Wedding Squanchers,21,2,10,http://www.imdb.com/title/tt4832278/?ref_=ttep_ep10,9.4,10440,0.06695402298850575,7.662835249042146e-4,7.662835249042146e-4,0.0015325670498084292,0.004885057471264368,0.008812260536398468,0.027490421455938698,0.09042145593869731,0.22164750957854407,0.5767241379310345
Rick & Morty,The Rickshank Rickdemption,22,3,1,http://www.imdb.com/title/tt5218228/?ref_=ttep_ep1,9.6,16251,0.04362808442557381,6.768814226816812e-4,0.0011076241462063873,0.0015999015445203372,0.003753615162143868,0.005968863454556643,0.01642975816872808,0.04541258999446188,0.13851455295058765,0.7429081287305397
Rick & Morty,Rickmancing the Stone,23,3,2,http://www.imdb.com/title/tt5218256/?ref_=ttep_ep2,8.2,9023,0.05297572869333925,0.004100631718940486,0.004433115371827552,0.008644574975063726,0.017178322065831763,0.047545162362850495,0.1465144630389006,0.29602127895378477,0.22198825224426466,0.20059847057519672
Rick & Morty,Pickle Rick,24,3,3,http://www.imdb.com/title/tt5218268/?ref_=ttep_ep3,9.3,13644,0.04390208150102609,0.003444737613603049,0.004177660510114336,0.0055702140134857815,0.008135444151275286,0.013998827323365583,0.03496042216358839,0.08355321020228672,0.20771034887129874,0.594547053649956
Rick & Morty,Vindicators 3: The Return of Worldender,25,3,4,http://www.imdb.com/title/tt5218288/?ref_=ttep_ep4,8.2,8674,0.052916762739220656,0.004496195526861886,0.004957343786027208,0.010721697025593729,0.02005994927369149,0.04530781646299285,0.14387825685958036,0.26896472215817385,0.2271155176389209,0.22158173852893706
Rick & Morty,The Whirly Dirly Conspiracy,26,3,5,http://www.imdb.com/title/tt5218310/?ref_=ttep_ep5,8.5,8185,0.051191203420891875,0.0018326206475259622,0.0029321930360415396,0.0039095907147220525,0.00916310323762981,0.028100183262064753,0.09211973121563836,0.2626756261453879,0.2884544899205864,0.2596212583995113
Rick & Morty,Rest and Ricklaxation,27,3,6,http://www.imdb.com/title/tt5218318/?ref_=ttep_ep6,9.0,8845,0.0494064443188242,0.0014697569248162804,0.0014697569248162804,0.0041831543244771055,0.007009609949123799,0.01876766534765404,0.05607687959299039,0.15907292255511588,0.29689089881288866,0.40565291124929337
Rick & Morty,The Ricklantis Mixup,28,3,7,http://www.imdb.com/title/tt5218332/?ref_=ttep_ep7,9.8,24026,0.024431865479064348,0.0010405394156330643,9.57296262382419e-4,0.0016648630650129028,0.002122700407891451,0.004245400815782902,0.01102971780571048,0.02272538083742612,0.0654707400316324,0.8663114958794639
Rick & Morty,Morty's Mind Blowers,29,3,8,http://www.imdb.com/title/tt5218350/?ref_=ttep_ep8,8.9,8327,0.047075777590969134,0.0015611865017413234,0.0024018253872943435,0.004083103158400384,0.00900684520235379,0.019454785637084183,0.05848444818061727,0.16584604299267444,0.3271286177494896,0.3649573675993755
Rick & Morty,The ABC's of Beth,30,3,9,http://www.imdb.com/title/tt5218370/?ref_=ttep_ep9,8.0,7011,0.05020681785765226,0.004992155184709742,0.007416916274425902,0.010269576379974325,0.024247610897161605,0.05505634003708458,0.17173013835401513,0.32078162886892025,0.18342604478676366,0.17187277135929255
Rick & Morty,The Rickchurian Mortydate,31,3,10,http://www.imdb.com/title/tt5218386/?ref_=ttep_ep10,8.2,7148,0.052322327923894796,0.004756575265808618,0.006575265808617795,0.012031337437045327,0.021964185786233912,0.05330162283156128,0.13024622271964187,0.27979854504756574,0.21614437604924455,0.2228595411303861
Rick & Morty,Edge of Tomorty: Rick Die Rickpeat,32,4,1,http://www.imdb.com/title/tt7446798/?ref_=ttep_ep1,9.0,9159,0.008407031335298614,0.002511191178076209,0.0031662845288786988,0.003821377879681188,0.008734578010699857,0.017359973796265967,0.055027841467409105,0.13320231466317284,0.27972486079266295,0.48804454634785455
Rick & Morty,The Old Man and the Seat,33,4,2,http://www.imdb.com/title/tt10655676/?ref_=ttep_ep2,8.4,7443,0.014107214832728738,0.005374177079134758,0.009942227596399301,0.010882708585247884,0.020690581754668817,0.04393389762192664,0.11648528819024587,0.2555421201128577,0.2564826011017063,0.266559183125084
Rick & Morty,One Crew Over the Crewcoo's Morty,34,4,3,http://www.imdb.com/title/tt10655678/?ref_=ttep_ep3,8.5,7260,0.01652892561983471,0.007300275482093664,0.00840220385674931,0.013636363636363636,0.024793388429752067,0.046831955922865015,0.10179063360881542,0.1977961432506887,0.2522038567493113,0.3307162534435262
Rick & Morty,Claw and Hoarder: Special Ricktim's Morty,35,4,4,http://www.imdb.com/title/tt10655680/?ref_=ttep_ep4,7.5,6900,0.043333333333333335,0.016956521739130436,0.018695652173913044,0.02855072463768116,0.058985507246376814,0.10101449275362319,0.1872463768115942,0.2227536231884058,0.1279710144927536,0.1944927536231884
Rick & Morty,Rattlestar Ricklactica,36,4,5,http://www.imdb.com/title/tt10655682/?ref_=ttep_ep5,9.0,6470,0.010664605873261205,0.00231839258114374,0.004173106646058733,0.00401854714064915,0.01035548686244204,0.024884080370942814,0.05471406491499227,0.15873261205564143,0.2947449768160742,0.43539412673879446
Rick & Morty,Never Ricking Morty,37,4,6,http://www.imdb.com/title/tt10655686/?ref_=ttep_ep6,8.2,5295,0.04815864022662889,0.013975448536355052,0.019452313503305004,0.02322946175637394,0.03172804532577904,0.05816808309726157,0.10651558073654391,0.18923512747875354,0.20339943342776204,0.30613786591123704
Rick & Morty,Promortyus,38,4,7,http://www.imdb.com/title/tt10655690/?ref_=ttep_ep7,8.2,3900,0.022820512820512822,0.006923076923076923,0.010256410256410256,0.013846153846153847,0.02358974358974359,0.054615384615384614,0.12615384615384614,0.2692307692307692,0.24794871794871795,0.2246153846153846
Rick & Morty,The Vat of Acid Episode,39,4,8,http://www.imdb.com/title/tt10655692/?ref_=ttep_ep8,9.5,5854,0.004270584215920738,0.0011957635804578067,0.0018790570550051248,0.0018790570550051248,0.0032456440040997607,0.007345404851383669,0.02152374444824052,0.05739665186197472,0.1897847625555176,0.711479330372395
Rick & Morty,Childrick of Mort,40,4,9,http://www.imdb.com/title/tt10655694/?ref_=ttep_ep9,8.0,3055,0.029787234042553193,0.007855973813420621,0.010801963993453356,0.01276595744680851,0.03240589198036006,0.06775777414075286,0.15810147299509,0.27888707037643207,0.20752864157119477,0.19410801963993454
Rick & Morty,Star Mort: Rickturn of the Jerri,41,4,10,http://www.imdb.com/title/tt10655696/?ref_=ttep_ep10,9.4,3406,0.006165590135055784,0.004110393423370522,0.002055196711685261,0.004110393423370522,0.005871990604815032,0.01086318261890781,0.025836758661186142,0.06958308866705813,0.1967116852613036,0.6746917204932472
Stranger Things,Chapter One: The Vanishing of Will Byers,1,1,1,http://www.imdb.com/title/tt4593118/?ref_=ttep_ep1,8.6,18024,0.026908566355969818,0.002108300044385264,0.0024411895250776743,0.003550821127385708,0.009764758100310697,0.026242787394584997,0.0853861517976032,0.24106746560142034,0.29111185086551267,0.31141810918774965
Stranger Things,Chapter Two: The Weirdo on Maple Street,2,1,2,http://www.imdb.com/title/tt4593122/?ref_=ttep_ep2,8.5,16147,0.025887161701864125,0.002786895398526042,0.0017959992568278938,0.0036539295225119215,0.011209512602960303,0.02700191986127454,0.09122437604508578,0.2848826407382176,0.2651885799219669,0.28636898495076485
Stranger Things,"Chapter Three: Holly, Jolly",3,1,3,http://www.imdb.com/title/tt4593126/?ref_=ttep_ep3,8.9,16124,0.039754403373852644,0.0014884644008930786,0.0010543289506325974,0.0035971223021582736,0.006822128504093277,0.01662118580997271,0.05699578268419747,0.16143636814686183,0.3228107169436864,0.3894194988836517
Stranger Things,Chapter Four: The Body,4,1,4,http://www.imdb.com/title/tt4593124/?ref_=ttep_ep4,9.0,15819,0.0426069915923889,0.0015171629053669638,0.0013907326632530501,0.002149314115936532,0.0065743725899235095,0.013591251027245716,0.04785384664011631,0.1514002149314116,0.31563309943738543,0.417283014096972
Stranger Things,Chapter Five: The Flea and the Acrobat,5,1,5,http://www.imdb.com/title/tt4593128/?ref_=ttep_ep5,8.8,14938,0.0390279823269514,0.002543847904672647,0.0012049805864238854,0.003681885125184094,0.008300977373142322,0.021354933726067747,0.06500200830097737,0.19714821261213014,0.30887669031998927,0.3528584817244611
Stranger Things,Chapter Six: The Monster,6,1,6,http://www.imdb.com/title/tt4593132/?ref_=ttep_ep6,8.9,14791,0.04130890406328173,0.0016902170238658643,0.001757825704820499,0.0032452166858224596,0.007707389628828341,0.01906564802920695,0.05875194374957744,0.1689540937056318,0.3049827597863566,0.3925360016226083
Stranger Things,Chapter Seven: The Bathtub,7,1,7,http://www.imdb.com/title/tt4593134/?ref_=ttep_ep7,9.1,15446,0.0384565583322543,0.002136475462903017,0.0018775087401268938,0.0027838922698433253,0.007251068237731451,0.012559886054641978,0.04188786740903794,0.12339764340282273,0.2829211446329147,0.4867279554577237
Stranger Things,Chapter Eight: The Upside Down,8,1,8,http://www.imdb.com/title/tt4593138/?ref_=ttep_ep8,9.4,18150,0.034490358126721764,0.0017079889807162533,0.0018732782369146005,0.0023691460055096417,0.006225895316804408,0.013223140495867768,0.031735537190082645,0.08512396694214876,0.21234159779614326,0.610909090909091
Stranger Things,Chapter One: MADMAX,9,2,1,http://www.imdb.com/title/tt6020684/?ref_=ttep_ep1,8.3,14307,0.02173761095967009,0.002586146641504159,0.0034947927587894037,0.00545187670371147,0.014468442021388132,0.03788355350527714,0.12301670510938702,0.29635842594534145,0.23219403089396798,0.2628084154609632
Stranger Things,"Chapter Two: Trick or Treat, Freak",10,2,2,http://www.imdb.com/title/tt6020792/?ref_=ttep_ep2,8.4,13257,0.026476578411405296,0.002640114656407935,0.0034698649769932866,0.004073319755600814,0.014558346533906615,0.03266198989213246,0.10138040280606472,0.2772120389228332,0.2628045560835785,0.2747227879610772
Stranger Things,Chapter Three: The Pollywog,11,2,3,http://www.imdb.com/title/tt6020796/?ref_=ttep_ep3,8.7,12990,0.029330254041570438,0.0026943802925327174,0.002386451116243264,0.0036181678214010776,0.010392609699769052,0.02455735180908391,0.08375673595073133,0.21916859122401847,0.3077752117013087,0.31632024634334105
Stranger Things,Chapter Four: Will the Wise,12,2,4,http://www.imdb.com/title/tt6020802/?ref_=ttep_ep4,8.7,12787,0.03143817940095409,0.0015640885274106515,0.002189723938374912,0.0037538124657855634,0.011339641823727223,0.027762571361539062,0.07632752013763978,0.20466098381168374,0.3101587549855322,0.3308047235473528
Stranger Things,Chapter Five: Dig Dug,13,2,5,http://www.imdb.com/title/tt6020806/?ref_=ttep_ep5,8.9,13123,0.031242856054255887,0.002514668901927913,0.001905052198430237,0.003352891869237217,0.009677665168025604,0.019583936599862836,0.05974243694277223,0.1632248723615027,0.3095328812009449,0.3992227387030405
Stranger Things,Chapter Six: The Spy,14,2,6,http://www.imdb.com/title/tt6020808/?ref_=ttep_ep6,9.2,14099,0.02893822256897652,0.0017022483864103837,0.0013476133059082205,0.0027661536279168734,0.007872898787148025,0.01496560039719129,0.04085396127384921,0.11773884672671821,0.2693098801333428,0.5145045747925385
Stranger Things,Chapter Seven: The Lost Sister,15,2,7,http://www.imdb.com/title/tt6020810/?ref_=ttep_ep7,6.1,20753,0.1651327518912928,0.04621018647906327,0.04852310509323953,0.05859393822579868,0.10123837517467354,0.11863345058545753,0.1570375367416759,0.11742880547390738,0.05922035368380475,0.1279814966510866
Stranger Things,Chapter Eight: The Mind Flayer,16,2,8,http://www.imdb.com/title/tt6020812/?ref_=ttep_ep8,9.3,15458,0.029887436925863632,0.002005434079441066,0.0024582740328632424,0.0028464225643679646,0.008345193427351533,0.013973347134170009,0.03551559063268211,0.08992107646526071,0.21949799456592056,0.5955492301720792
Stranger Things,Chapter Nine: The Gate,17,2,9,http://www.imdb.com/title/tt6020876/?ref_=ttep_ep9,9.4,17360,0.02793778801843318,0.002534562211981567,0.0017857142857142857,0.00282258064516129,0.007258064516129033,0.013191244239631337,0.032661290322580645,0.07730414746543779,0.18341013824884791,0.6510944700460829
Stranger Things,"Chapter One: Suzie, Do You Copy?",18,3,1,http://www.imdb.com/title/tt7445494/?ref_=ttep_ep1,7.9,15011,0.038238625008327226,0.011325028312570781,0.013190327093464793,0.016054893078409165,0.03164346146159483,0.061155152887882216,0.15015655186196789,0.27739657584438077,0.1752714675904337,0.2255679168609686
Stranger Things,Chapter Two: The Mall Rats,19,3,2,http://www.imdb.com/title/tt7640050/?ref_=ttep_ep2,8.0,13445,0.03376719970249163,0.009743399033097806,0.0114540721457791,0.014726664187430271,0.029304574191149128,0.05169207883971737,0.13239122350316102,0.2941613982893269,0.1929341762737077,0.2298252138341391
Stranger Things,Chapter Three: The Case of the Missing Lifeguard,20,3,3,http://www.imdb.com/title/tt7911866/?ref_=ttep_ep3,8.4,12989,0.030256370775271383,0.007698822080221726,0.008391716067441681,0.011317268457925937,0.019016090538147665,0.04072676880437293,0.09238586496266071,0.229270921549003,0.27407806605589347,0.28685811070906153
Stranger Things,Chapter Four: The Sauna Test,21,3,4,http://www.imdb.com/title/tt7911884/?ref_=ttep_ep4,9.0,13954,0.026587358463523003,0.006449763508671349,0.006808083703597535,0.007883044288376093,0.01461946395298839,0.02493908556686255,0.050451483445606994,0.12985523864124981,0.27046008313028524,0.461946395298839
Stranger Things,Chapter Five: The Flayed,22,3,5,http://www.imdb.com/title/tt7911894/?ref_=ttep_ep5,8.6,12564,0.03358802929003502,0.00883476599808978,0.008993950971028335,0.011859280483922317,0.02268385864374403,0.03406558420885068,0.07744348933460682,0.1801973893664438,0.27626552053486153,0.3460681311684177
Stranger Things,Chapter Six: E Pluribus Unum,23,3,6,http://www.imdb.com/title/tt7911914/?ref_=ttep_ep6,8.7,12646,0.034002846749960465,0.009172860983710264,0.010200854024988139,0.010596235963941167,0.02182508303020718,0.03368654119879804,0.07053613790922031,0.1572829353155148,0.27273446148979913,0.3799620433338605
Stranger Things,Chapter Seven: The Bite,24,3,7,http://www.imdb.com/title/tt7911930/?ref_=ttep_ep7,8.8,13039,0.038039726972927373,0.00974001073701971,0.011273870695605492,0.01066032671217118,0.019249942480251553,0.028836567221412684,0.058900222409693996,0.12378249865787254,0.2604494209678656,0.43906741314517983
Stranger Things,Chapter Eight: The Battle of Starcourt,25,3,8,http://www.imdb.com/title/tt7911942/?ref_=ttep_ep8,9.3,20647,0.031190972054051438,0.006780646098706834,0.008475807623383543,0.008524240809802876,0.015643919213445052,0.02009977236402383,0.03574369157746888,0.06068678258342616,0.14612292342713226,0.6667312442485591
Westworld,The Original,1,1,1,http://www.imdb.com/title/tt4227538/?ref_=ttep_ep1,8.9,20297,0.06537912006700497,0.0028082967926294526,0.0030053702517613442,0.0035473222643740455,0.007143912893531064,0.014977582894023747,0.05114056264472582,0.14612996994629748,0.30186727102527466,0.4040005912203774
Westworld,Chestnut,2,1,2,http://www.imdb.com/title/tt4562758/?ref_=ttep_ep2,8.6,15315,0.08044400914136468,0.005876591576885406,0.003852432255958211,0.004309500489715965,0.007704864511916422,0.0188050930460333,0.07476330395037545,0.24890630101207967,0.26882141691152467,0.2865164871041463
Westworld,The Stray,3,1,3,http://www.imdb.com/title/tt4625856/?ref_=ttep_ep3,8.4,13973,0.08595147785013955,0.005081228082730981,0.0038645960065841266,0.003649896228440564,0.009446790238316754,0.027266871824232448,0.10420095899234237,0.284691905818364,0.21763400844485795,0.25821226651399126
Westworld,Dissonance Theory,4,1,4,http://www.imdb.com/title/tt4625862/?ref_=ttep_ep4,8.7,13952,0.08801605504587157,0.0034403669724770644,0.0016485091743119267,0.0027236238532110093,0.007095756880733945,0.018706995412844037,0.06830561926605505,0.2057052752293578,0.28089162844036697,0.32346616972477066
Westworld,Contrapasso,5,1,5,http://www.imdb.com/title/tt4625866/?ref_=ttep_ep5,8.7,13309,0.09369599519122399,0.0024795251333683973,0.0027800736343827487,0.003456307761665039,0.007739123901119543,0.01810804718611466,0.06025997445337741,0.18438650537230444,0.2820647682019686,0.3450296791644752
Westworld,The Adversary,6,1,6,http://www.imdb.com/title/tt4630544/?ref_=ttep_ep6,8.9,13481,0.09116534381722424,0.0022253542022105184,0.0028929604628736743,0.003412209776722795,0.007195311920480676,0.014984051628217492,0.047400044507084044,0.15199169201097842,0.28684815666493585,0.3918848750092723
Westworld,Trompe L'Oeil,7,1,7,http://www.imdb.com/title/tt4630546/?ref_=ttep_ep7,9.5,18278,0.06800525221577854,0.001750738592843856,0.0016960280118174856,0.001860159754896597,0.00328263486158223,0.005854032169821643,0.02177481124849546,0.06012692854798118,0.17890359995623153,0.6567458146405515
Westworld,Trace Decay,8,1,8,http://www.imdb.com/title/tt4458814/?ref_=ttep_ep8,8.8,12603,0.09640561771006903,0.0027771165595493136,0.0027771165595493136,0.0035705784337062606,0.007141156867412521,0.015075775608981988,0.05744663968896294,0.17916369118463857,0.2859636594461636,0.3496786479409664
Westworld,The Well-Tempered Clavier,9,1,9,http://www.imdb.com/title/tt5220026/?ref_=ttep_ep9,9.4,16723,0.0727740237995575,0.0023919153261974524,0.0025713089756622615,0.002989894157746816,0.004126053937690606,0.006517969263888058,0.023141780780960353,0.06284757519583807,0.1888417150032889,0.6337977635591701
Westworld,The Bicameral Mind,10,1,10,http://www.imdb.com/title/tt5229638/?ref_=ttep_ep10,9.7,26963,0.04776916515224567,0.0019656566405815376,0.0017431294737232505,0.0019656566405815376,0.0032637317805882136,0.005266476282312799,0.01312910284463895,0.030300782553870118,0.09056855691132293,0.804027741720135
Westworld,Journey into Night,11,2,1,http://www.imdb.com/title/tt6243294/?ref_=ttep_ep1,8.2,11418,0.0838150289017341,0.009020844280959887,0.008495358206340866,0.009371168330705903,0.019267822736030827,0.038535645472061654,0.10168155543878087,0.24330005254860745,0.23331581713084604,0.25319670695393237
Westworld,Reunion,12,2,2,http://www.imdb.com/title/tt6243296/?ref_=ttep_ep2,8.1,9679,0.09153838206426283,0.009815063539621862,0.008368633123256536,0.009195164789751008,0.020353342287426388,0.04029341874160554,0.1171608637255915,0.2595309432792644,0.20787271412335986,0.23587147432586011
Westworld,Virt e Fortuna,13,2,3,http://www.imdb.com/title/tt6243298/?ref_=ttep_ep3,8.0,8991,0.09509509509509509,0.010677344010677344,0.007785563341118897,0.011344678011344677,0.022133244355466576,0.046490935379824266,0.1284617951284618,0.27349571794016236,0.18674229785340896,0.21777332888443998
Westworld,The Riddle of the Sphinx,14,2,4,http://www.imdb.com/title/tt6243300/?ref_=ttep_ep4,9.0,12039,0.08887781377190797,0.00523299277348617,0.00398704211313232,0.004319295622560013,0.00847246449040618,0.014369964282747737,0.038126090206827806,0.10657031314893263,0.24902400531605615,0.48102001827394303
Westworld,Akane no Mai,15,2,5,http://www.imdb.com/title/tt6243302/?ref_=ttep_ep5,7.9,9759,0.0865867404447177,0.014858079721282919,0.01690747002766677,0.01854698227277385,0.03668408648427093,0.055743416333640744,0.12009427195409365,0.21785018956860333,0.17891177374731018,0.2538169894456399
Westworld,Phase Space,16,2,6,http://www.imdb.com/title/tt6243304/?ref_=ttep_ep6,8.2,8378,0.10623060396275961,0.0077584148961566,0.0077584148961566,0.00811649558367152,0.01933635712580568,0.036643590355693485,0.10981141083790881,0.24814991644783957,0.20148006684172834,0.25471472905227976
Westworld,Les corchs,17,2,7,http://www.imdb.com/title/tt6243306/?ref_=ttep_ep7,8.6,9332,0.11455207886840978,0.007286755250750107,0.00803686240891556,0.005250750107158165,0.014466352336048007,0.024646378054007715,0.06365195027861123,0.17734676382340334,0.24314187741105872,0.3416202314616374
Westworld,Kiksuya,18,2,8,http://www.imdb.com/title/tt6243308/?ref_=ttep_ep8,9.2,15493,0.07745433421545214,0.0050990770025172655,0.00380817143225973,0.004130897824824114,0.009165429548828503,0.012715419867036726,0.03014264506551346,0.06622345575421158,0.1815658684567224,0.6096947008326341
Westworld,Vanishing Point,19,2,9,http://www.imdb.com/title/tt6243310/?ref_=ttep_ep9,8.8,9171,0.0925744193653909,0.005561007523716062,0.005233889434085705,0.004361574528404754,0.009595463962490459,0.021262675825973177,0.04819539853887253,0.13629920401264856,0.2648566132373787,0.41205975357103913
Westworld,The Passenger,20,2,10,http://www.imdb.com/title/tt6243312/?ref_=ttep_ep10,8.8,10484,0.08384204502098436,0.009156810377718427,0.008202975963372758,0.0106829454406715,0.016024418161007248,0.028519648988935522,0.048550171690194585,0.09967569629912247,0.2035482640213659,0.49179702403662723
Westworld,Parce Domine,21,3,1,http://www.imdb.com/title/tt8358332/?ref_=ttep_ep1,8.5,8580,0.03741258741258741,0.011421911421911422,0.010256410256410256,0.011305361305361306,0.020396270396270396,0.031701631701631705,0.07377622377622378,0.1874125874125874,0.2952214452214452,0.3210955710955711
Westworld,The Winter Line,22,3,2,http://www.imdb.com/title/tt9899922/?ref_=ttep_ep2,8.4,6739,0.04273631102537469,0.00860661819261018,0.008755008161448287,0.010535687787505564,0.017510016322896574,0.037097492209526635,0.09407924024335955,0.22258495325715982,0.2768956818519068,0.2811989909482119
Westworld,The Absence of Field,23,3,3,http://www.imdb.com/title/tt10011150/?ref_=ttep_ep3,8.4,6287,0.04230952759662796,0.008748210593287736,0.010975027835215524,0.011770319707332591,0.019405121679656433,0.036424367742961664,0.08350564657229204,0.20995705423890568,0.2672180690313345,0.3096866550023859
Westworld,The Mother of Exiles,24,3,4,http://www.imdb.com/title/tt10011152/?ref_=ttep_ep4,9.0,7370,0.032564450474898234,0.008005427408412483,0.006919945725915875,0.008005427408412483,0.012890094979647219,0.020081411126187245,0.04613297150610583,0.09810040705563093,0.2294436906377205,0.5378561736770692
Westworld,Genre,25,3,5,http://www.imdb.com/title/tt10011154/?ref_=ttep_ep5,8.2,6807,0.05273982664903776,0.01498457470251212,0.01777581900984281,0.0205670633171735,0.03143822535625092,0.05112384310268841,0.08946672542970471,0.1754076685764654,0.2215366534449831,0.32495960041134125
Westworld,Decoherence,26,3,6,http://www.imdb.com/title/tt10011156/?ref_=ttep_ep6,8.5,5714,0.04497724886244312,0.009450472523626182,0.015225761288064403,0.014175708785439271,0.01960098004900245,0.03605180259012951,0.06947847392369619,0.1487574378718936,0.2696884844242212,0.3725936296814841
Westworld,Passed Pawn,27,3,7,http://www.imdb.com/title/tt10011158/?ref_=ttep_ep7,8.1,5249,0.05143836921318346,0.017717660506763194,0.01828919794246523,0.0222899599923795,0.02991045913507335,0.0520099066488855,0.09792341398361593,0.1844160792531911,0.21851781291674605,0.3074871404076967
Westworld,Crisis Theory,28,3,8,http://www.imdb.com/title/tt10011160/?ref_=ttep_ep8,7.4,6290,0.08521462639109698,0.02766295707472178,0.028457869634340223,0.03481717011128776,0.052623211446740856,0.08028616852146264,0.11748807631160572,0.14801271860095389,0.15532591414944355,0.2701112877583466
